id,first_name,last_name,email,car_make,car_model,vin_number,manufactured_date
625,Henri,Broadnicke,Vargön,Jeep,Grand Cherokee,JHMFA3F28BS130437,10/4/1988
626,Vita,Goulborne,Sicheng,Chevrolet,G-Series G10,5TFBY5F1XDX326836,12/17/1982
627,Ange,O'Keevan,Nam Sách,Oldsmobile,Silhouette,3VW507AT2EM620535,11/26/1985
628,Orelle,Unger,Newton,Mercedes-Benz,M-Class,4T1BF1FKXCU509737,9/24/1987
629,Rene,Fowden,Koímisi,Mercury,Cougar,3GYFK12299G225450,5/10/1986
630,Krishnah,Cheng,Gubuk Daya,Acura,TL,2C3CCAFJ3DH778020,11/24/1987
631,Theadora,McQuie,Vyksa,Mercedes-Benz,R-Class,1N6AA0CC2CN297817,11/15/1988
632,Georgette,Wyllcock,Góra,Isuzu,Rodeo,WBA3R5C51EF410508,7/15/1982
633,Natalina,Critchell,El Hajeb,Lexus,LX,JTMHY7AJ5F4931493,6/15/1983
634,Courtenay,Ibel,Hanyuan,Toyota,RAV4,WAUKH78E98A338462,7/13/1988
635,Sheree,Mayoh,Izingolweni,Chevrolet,Corvette,WAUFFBFL9CA136225,12/13/1981
636,Margo,Tripe,Santa Cruz,Dodge,Ram 2500,3C3CFFAR2DT863990,9/3/1984
637,Caressa,Lutzmann,Nanmu,Dodge,Grand Caravan,WBA3C1C51DF887240,8/21/1982
638,Humberto,Coey,Shaochang,Aston Martin,Vantage,1G6DH5E57D0481417,4/1/1989
639,Kristina,Bollam,Yitulihe,Volkswagen,Tiguan,WAUHF78P59A212800,2/17/1990
640,Homer,Wyne,Petrozavodsk,Toyota,Echo,WA1YD64B94N304498,10/2/1987
641,Briny,Atley,Ajoyani,Infiniti,G,1GYFC23259R237192,12/14/1984
642,Tailor,Conduit,Hongyanxi,GMC,Vandura 3500,SCFAB05DX9G086157,8/11/1984
643,Pamela,Shillan,Kimje,Rolls-Royce,Ghost,3D7LP2ET3AG766945,10/16/1990
644,Kennett,Wishkar,Fengxian,Ford,LTD Crown Victoria,1G4PR5SKXD4262697,2/24/1989
645,Nahum,Lomasney,Połaniec,Pontiac,Grand Am,JH4CW2H63DC937475,11/25/1984
646,Hildagarde,Macci,Gambut,BMW,1 Series,1G4HR54K34U209406,7/26/1983
647,Kassie,Chatenier,Tha Bo,Kia,Sorento,YV1902MM6F1593781,4/17/1982
648,Steven,Gleader,Shengli,Ford,E-Series,5TDBW5G17DS850617,3/14/1983
649,Nevil,Gossling,Junshan,Volkswagen,Quantum,KMHDB8AE1CU618361,9/9/1987
650,Ingelbert,Marde,Zheleznogorsk,Volkswagen,rio,19UUB2F76FA699263,7/5/1988
651,Yuri,How,Calumpit,Mazda,Protege,WDDHF0EB1FB533795,4/20/1989
